连衣裙,532,15000,金币
连衣裙,545,8903,金币
连衣裙,560,9830,金币
鞋子,001,3147,金币
鞋子,004,6843,金币
鞋子,007,6887,金币
鞋子,013,2359,金币
鞋子,014,2699,金币
鞋子,017,6749,金币
鞋子,055,5647,金币
鞋子,060,6263,金币
鞋子,063,5905,金币
鞋子,065,2730,金币
鞋子,067,5749,金币
鞋子,081,7895,金币
鞋子,100,7286,金币
鞋子,106,15315,金币
鞋子,109,15882,金币
鞋子,115,98,钻石
鞋子,118,7068,金币
鞋子,119,2755,金币
鞋子,142,18,钻石
鞋子,147,2720,金币
鞋子,152,3850,金币
鞋子,157,11000,金币
鞋子,163,4815,金币
鞋子,167,5180,金币
鞋子,169,3003,金币
鞋子,172,2885,金币
鞋子,186,3655,金币
鞋子,212,16210,金币
鞋子,220,3257,金币
鞋子,229,3125,金币
鞋子,235,2548,金币
鞋子,249,6597,金币
鞋子,250,5659,金币
鞋子,260,4850,金币
鞋子,263,3550,金币
鞋子,270,4150,金币
鞋子,275,2874,金币
鞋子,277,2885,金币
鞋子,279,3071,金币
鞋子,281,7090,金币
鞋子,301,28,钻石
鞋子,324,84,钻石
鞋子,340,20559,金币
鞋子,344,3010,金币
鞋子,355,16833,金币
鞋子,365,15489,金币
鞋子,370,7536,金币
鞋子,379,2115,金币
鞋子,382,2485,金币
鞋子,387,6472,金币
鞋子,392,7346,金币
鞋子,415,28,钻石
鞋子,420,32,钻石
鞋子,422,4600,金币
鞋子,424,2850,金币
鞋子,425,5180,金币
鞋子,435,2650,金币
鞋子,448,7437,金币
鞋子,449,12050,金币
鞋子,452,3680,金币
鞋子,456,3750,金币
鞋子,476,2000,金币
鞋子,477,2000,金币
鞋子,479,61,钻石
鞋子,480,6100,金币
下装,004,16371,金币
下装,008,6101,金币
下装,017,15700,金币
下装,021,55,钻石
下装,023,6451,金币
下装,030,98,钻石
下装,037,3072,金币
下装,048,2487,金币
下装,051,6893,金币
下装,059,48010,金币
下装,066,6697,金币
下装,070,6327,金币
下装,078,3217,金币
下装,085,6613,金币
下装,089,6869,金币
下装,090,6509,金币
下装,109,45,钻石
下装,111,5549,金币
下装,114,1527,金币
下装,116,23568,金币
下装,139,6462,金币
下装,141,6670,金币
下装,151,68,钻石
下装,156,6896,金币
下装,165,1855,金币
下装,169,20053,金币
下装,170,48,钻石
下装,173,1368,金币
下装,174,2550,金币
下装,181,1391,金币
下装,185,55,钻石
下装,199,2961,金币
下装,206,4505,金币
下装,208,7089,金币
下装,209,1600,金币
下装,210,18970,金币
下装,213,5584,金币
下装,220,6362,金币
下装,223,1554,金币
下装,227,1378,金币
下装,228,2765,金币
下装,232,5848,金币
下装,236,68,钻石
下装,240,17651,金币
下装,246,38,钻石
下装,268,4150,金币
下装,274,13550,金币
下装,276,6855,金币
下装,277,3855,金币
下装,278,5850,金币
下装,282,3022,金币
下装,285,2842,金币
下装,315,96,钻石
下装,318,17500,金币
下装,320,19564,金币
下装,340,7500,金币
下装,345,7500,金币
下装,365,15000,金币
下装,367,148,钻石
外套,008,2731,金币
外套,012,3180,金币
外套,028,7245,金币
外套,032,6650,金币
外套,038,5820,金币
外套,044,18254,金币
外套,059,6544,金币
外套,068,15816,金币
外套,070,118,钻石
外套,080,5885,金币
外套,082,89,钻石
外套,083,18441,金币
外套,084,2639,金币
外套,086,8956,金币
外套,087,6519,金币
外套,094,2550,金币
外套,097,6817,金币
外套,098,4250,金币
外套,099,3850,金币
外套,100,2144,金币
外套,101,6800,金币
外套,105,18940,金币
外套,107,6132,金币
外套,109,17742,金币
外套,118,68,钻石
外套,125,12550,金币
外套,132,35,钻石
外套,133,115,钻石
外套,137,7228,金币
外套,138,3580,金币
外套,144,19606,金币
外套,146,6655,金币
外套,148,6864,金币
外套,152,6799,金币
外套,153,8640,金币
外套,159,6230,金币
外套,163,6150,金币
外套,169,5888,金币
外套,171,3485,金币
外套,203,68,钻石
外套,228,7500,金币
外套,229,15000,金币
外套,240,5000,金币
外套,241,5000,金币
外套,242,5000,金币
外套,264,15000,金币
外套,269,15687,金币
外套,278,6954,金币
发型,004,1250,金币
发型,010,3055,金币
发型,013,3102,金币
发型,016,4134,金币
发型,057,68,钻石
发型,061,3680,金币
发型,074,65,钻石
发型,093,3885,金币
发型,099,2150,金币
发型,103,850,金币
发型,104,1894,金币
发型,107,4689,金币
发型,108,9433,金币
发型,116,1897,金币
发型,120,13247,金币
发型,124,11904,金币
发型,143,8588,金币
发型,152,2054,金币
发型,155,65,钻石
发型,159,25,钻石
发型,166,21000,金币
发型,169,55,钻石
发型,179,4921,金币
发型,181,2800,金币
发型,185,55,钻石
发型,187,3170,金币
发型,189,98,钻石
发型,192,2904,金币
发型,206,55,钻石
发型,239,4150,金币
妆容,026,20000,金币
发型,275,7890,金币
妆容,010,3000,金币
妆容,009,3000,金币
妆容,005,48,钻石
妆容,004,5120,金币
妆容,003,3885,金币
妆容,002,28,钻石
发型,353,1350,金币
发型,357,2355,金币
饰品,601,16765,金币
发型,365,12450,金币
饰品,004,2053,金币
饰品,006,2715,金币
饰品,007,890,金币
饰品,008,12,钻石
发型,380,69,钻石
发型,421,6005,金币
饰品,057,2395,金币
发型,428,2015,金币
饰品,064,842,金币
饰品,065,480,金币
发型,435,2250,金币
饰品,068,2008,金币
发型,437,45,钻石
发型,438,55,钻石
饰品,073,45,钻石
发型,451,4315,金币
发型,452,3850,金币
发型,454,4150,金币
发型,456,2850,金币
发型,462,3150,金币
发型,465,2855,金币
饰品,109,868,金币
饰品,112,951,金币
饰品,118,2558,金币
饰品,119,20,钻石
饰品,120,2327,金币
发型,489,2500,金币
发型,490,2500,金币
发型,492,23333,金币
发型,493,6100,金币
发型,496,7500,金币
饰品,187,2124,金币
发型,648,18314,金币
饰品,315,1665,金币
饰品,316,2580,金币
饰品,317,1500,金币
饰品,319,2880,金币
饰品,320,25,钻石
饰品,322,1880,金币
饰品,328,28,钻石
饰品,329,3850,金币
饰品,330,2150,金币
饰品,334,3558,金币
饰品,337,55,钻石
饰品,350,880,金币
饰品,405,2888,金币
饰品,407,79,钻石
饰品,408,7569,金币
饰品,409,9856,金币
饰品,411,2658,金币
饰品,429,2000,金币
饰品,430,2000,金币
饰品,431,2000,金币
饰品,432,2000,金币
饰品,437,6001,金币
饰品,438,13687,金币
饰品,439,108,钻石
饰品,440,61,钻石
饰品,441,9854,金币
饰品,442,6100,金币
饰品,443,6100,金币
饰品,444,6100,金币
饰品,456,7500,金币
饰品,457,7500,金币
饰品,466,68,钻石
饰品,469,79,钻石
袜子,001,3458,金币
袜子,005,1170,金币
袜子,006,3254,金币
袜子,024,3292,金币
袜子,032,2842,金币
袜子,036,1227,金币
袜子,037,9238,金币
袜子,039,3083,金币
袜子,046,2893,金币
袜子,047,25,钻石
袜子,048,3618,金币
袜子,050,9276,金币
袜子,051,8839,金币
袜子,054,35,钻石
袜子,056,10278,金币
袜子,057,1338,金币
袜子,058,732,金币
袜子,060,8329,金币
袜子,061,2984,金币
袜子,062,3352,金币
袜子,064,9650,金币
袜子,066,9840,金币
袜子,083,13502,金币
袜子,090,8640,金币
袜子,091,8153,金币
袜子,104,9033,金币
袜子,113,729,金币
袜子,114,8565,金币
袜子,115,9318,金币
袜子,116,9849,金币
袜子,117,28,钻石
袜子,118,10326,金币
袜子,121,11002,金币
袜子,136,1125,金币
袜子,140,2982,金币
袜子,149,10090,金币
袜子,150,9800,金币
袜子,156,4680,金币
袜子,162,78,钻石
袜子,165,3039,金币
袜子,167,3485,金币
袜子,171,3352,金币
袜子,183,2850,金币
袜子,184,3850,金币
袜子,185,2995,金币
袜子,186,4150,金币
袜子,201,18740,金币
袜子,202,6100,金币
饰品,783,3098,金币
饰品,784,10364,金币
饰品,785,9899,金币
饰品,786,14352,金币
饰品,803,13151,金币
饰品,300,45,钻石
饰品,282,2453,金币
饰品,275,2155,金币
饰品,274,1907,金币
上衣,001,3114,金币
上衣,004,6245,金币
上衣,005,5561,金币
上衣,029,2861,金币
上衣,031,3100,金币
上衣,035,3081,金币
上衣,039,2971,金币
上衣,047,3224,金币
上衣,060,3162,金币
上衣,066,2852,金币
上衣,078,6853,金币
上衣,079,18920,金币
上衣,086,4508,金币
上衣,099,3755,金币
上衣,103,1380,金币
饰品,246,2036,金币
上衣,105,6885,金币
上衣,106,96,钻石
饰品,244,2198,金币
上衣,113,20295,金币
上衣,121,2337,金币
上衣,132,6548,金币
上衣,136,2580,金币
上衣,145,17067,金币
饰品,238,2345,金币
上衣,150,6120,金币
上衣,151,2850,金币
饰品,236,2706,金币
上衣,157,3100,金币
上衣,158,4750,金币
上衣,159,3020,金币
上衣,160,2694,金币
上衣,163,38,钻石
上衣,167,2628,金币
上衣,169,1950,金币
上衣,174,1543,金币
上衣,181,3093,金币
上衣,191,2150,金币
饰品,223,941,金币
上衣,196,5885,金币
上衣,201,13548,金币
上衣,208,9123,金币
上衣,212,5762,金币
上衣,216,19540,金币
上衣,219,5150,金币
上衣,226,1566,金币
上衣,227,1528,金币
饰品,204,921,金币
上衣,241,13550,金币
上衣,242,45,钻石
饰品,180,2254,金币
饰品,179,68,钻石
上衣,248,5652,金币
饰品,177,5521,金币
上衣,256,19107,金币
上衣,257,17702,金币
上衣,260,5873,金币
饰品,171,2477,金币
上衣,266,3231,金币
饰品,160,816,金币
上衣,289,28,钻石
上衣,292,15880,金币
上衣,294,14295,金币
上衣,296,5580,金币
上衣,297,4150,金币
上衣,300,5335,金币
上衣,302,18850,金币
上衣,309,6550,金币
上衣,322,28,钻石
饰品,141,5828,金币
上衣,336,98,钻石
上衣,339,17500,金币
上衣,340,18956,金币
上衣,360,7500,金币
上衣,361,7500,金币
上衣,371,7500,金币
上衣,393,15000,金币
上衣,395,148,钻石
饰品,124,25,钻石
饰品,074,28,钻石
饰品,069,2319,金币
饰品,060,1845,金币
饰品,034,1973,金币
饰品,017,804,金币
饰品,014,455,金币
饰品,013,458,金币
饰品,012,822,金币
鞋子,589,11347,金币
连衣裙,001,2889,金币
连衣裙,019,19563,金币
连衣裙,021,125,钻石
连衣裙,026,75,钻石
连衣裙,027,65,钻石
连衣裙,030,88,钻石
连衣裙,032,128,钻石
连衣裙,035,9147,金币
连衣裙,044,2993,金币
连衣裙,048,3212,金币
连衣裙,054,55,钻石
连衣裙,064,85,钻石
连衣裙,067,63315,金币
连衣裙,081,15229,金币
连衣裙,083,5580,金币
连衣裙,085,2820,金币
连衣裙,086,6031,金币
连衣裙,087,6852,金币
连衣裙,090,6417,金币
连衣裙,096,6815,金币
连衣裙,098,7148,金币
连衣裙,101,35,钻石
连衣裙,104,3100,金币
连衣裙,106,45,钻石
连衣裙,107,1578,金币
连衣裙,109,6359,金币
连衣裙,110,18401,金币
连衣裙,111,2387,金币
连衣裙,112,2811,金币
连衣裙,114,2733,金币
连衣裙,115,7186,金币
连衣裙,117,3162,金币
连衣裙,118,1533,金币
连衣裙,120,2773,金币
连衣裙,122,5815,金币
连衣裙,135,2612,金币
连衣裙,138,36664,金币
连衣裙,148,4510,金币
连衣裙,150,2774,金币
连衣裙,153,3855,金币
连衣裙,157,6354,金币
连衣裙,160,7438,金币
连衣裙,162,2792,金币
连衣裙,176,28940,金币
连衣裙,185,7073,金币
连衣裙,189,6800,金币
连衣裙,199,3110,金币
连衣裙,207,7284,金币
连衣裙,214,58,钻石
连衣裙,215,2300,金币
连衣裙,218,3255,金币
连衣裙,227,2953,金币
连衣裙,229,38,钻石
连衣裙,233,2181,金币
连衣裙,236,54,钻石
连衣裙,239,148,钻石
鞋子,525,16824,金币
连衣裙,259,188,钻石
连衣裙,260,550,金币
连衣裙,262,128,钻石
连衣裙,270,25,钻石
连衣裙,278,13550,金币
连衣裙,291,13200,金币
连衣裙,298,15580,金币
连衣裙,299,5180,金币
连衣裙,302,2590,金币
连衣裙,303,5458,金币
连衣裙,306,138,钻石
连衣裙,310,6750,金币
连衣裙,328,6155,金币
连衣裙,331,7580,金币
连衣裙,334,5000,金币
连衣裙,335,5000,金币
连衣裙,338,361,钻石
连衣裙,339,16161,金币
连衣裙,340,134,钻石
连衣裙,347,138,钻石
连衣裙,349,30158,金币
连衣裙,350,128,钻石
连衣裙,356,189,钻石
连衣裙,363,318,钻石
连衣裙,369,41236,金币
连衣裙,372,108,钻石
连衣裙,421,15000,金币
连衣裙,422,15000,金币
连衣裙,423,15000,金币
连衣裙,424,15000,金币
连衣裙,425,15000,金币
连衣裙,426,15000,金币
连衣裙,427,15000,金币
连衣裙,431,68,钻石
鞋子,486,14547,金币
鞋子,483,7500,金币
连衣裙,464,15000,金币
连衣裙,465,10000,金币
连衣裙,466,15000,金币
连衣裙,467,10000,金币
连衣裙,468,15000,金币
连衣裙,469,15000,金币
连衣裙,470,10000,金币
连衣裙,471,15000,金币
连衣裙,472,15000,金币
